source,guid,title,link,published_utc,categories,summary
JPMorganChase,808096,JPMorganChase Declares Preferred Stock Dividends,https://jpmorganchaseco.gcs-web.com/news-releases/news-release-details/jpmorganchase-declares-preferred-stock-dividends-13,2025-10-15T20:31:00+00:00,,"NEW YORK --(BUSINESS WIRE)--Oct. 15, 2025-- JPMorgan Chase &amp; Co. (NYSE: JPM) (“JPMorganChase” or the “Firm”) has declared dividends on the outstanding shares of the Firm’s Series DD, EE, GG, JJ, KK, LL, MM and NN preferred stock. Information can be found on the Firm’s Investor Relations website at"
JPMorganChase,807176,JPMorganChase Reports Third-Quarter 2025 Financial Results,https://jpmorganchaseco.gcs-web.com/news-releases/news-release-details/jpmorganchase-reports-third-quarter-2025-financial-results,2025-10-14T10:37:00+00:00,,"NEW YORK --(BUSINESS WIRE)--Oct. 14, 2025-- JPMorgan Chase &amp; Co. has released its third-quarter 2025 financial results. Results can be found at the Firm’s Investor Relations website at jpmorganchase.com/ir/quarterly-earnings . JPMorgan Chase &amp; Co. (NYSE: JPM) is a leading financial services firm"
JPMorganChase,806756,JPMorganChase to Present at the BancAnalysts Association of Boston Conference,https://jpmorganchaseco.gcs-web.com/news-releases/news-release-details/jpmorganchase-present-bancanalysts-association-boston-0,2025-10-09T20:47:00+00:00,,"NEW YORK --(BUSINESS WIRE)--Oct. 9, 2025-- Bori Cox , CFO of Consumer &amp; Community Banking, will present at the BancAnalysts Association of Boston Conference at the Langham Hotel in Boston on Thursday, November 6, 2025 at 8:55 a.m. (Eastern). A live audio webcast will be available on the day of the"
JPMorganChase,799321,JPMorganChase Announces Investor Day Timing,https://jpmorganchaseco.gcs-web.com/news-releases/news-release-details/jpmorganchase-announces-investor-day-timing,2025-09-18T20:20:00+00:00,,"NEW YORK --(BUSINESS WIRE)--Sep. 18, 2025-- JPMorgan Chase &amp; Co. (NYSE: JPM) (“JPMorganChase” or the “Firm”) anticipates holding its next Investor Day in the first quarter of 2027. The date will be announced closer to the time. In order to facilitate the transition back to a first quarter schedule,"
JPMorganChase,798826,JPMorganChase to Host Third-Quarter 2025 Earnings Call,https://jpmorganchaseco.gcs-web.com/news-releases/news-release-details/jpmorganchase-host-third-quarter-2025-earnings-call,2025-09-16T20:34:00+00:00,,"NEW YORK --(BUSINESS WIRE)--Sep. 16, 2025-- As previously announced, JPMorgan Chase &amp; Co. (NYSE: JPM) (“JPMorganChase” or the “Firm”) will host a conference call to review third-quarter 2025 financial results on Tuesday, October 14, 2025 at 8:30 a.m. (ET) ."
JPMorganChase,798821,JPMorganChase Declares Common Stock Dividend,https://jpmorganchaseco.gcs-web.com/news-releases/news-release-details/jpmorganchase-declares-common-stock-dividend-3,2025-09-16T20:33:00+00:00,,"NEW YORK --(BUSINESS WIRE)--Sep. 16, 2025-- JPMorgan Chase &amp; Co. (NYSE: JPM) (“JPMorganChase” or the “Firm”) declared a quarterly dividend on the outstanding shares of the common stock of JPMorganChase. Information can be found on the Firm’s Investor Relations website at"
JPMorganChase,798326,JPMorganChase Declares Preferred Stock Dividends,https://jpmorganchaseco.gcs-web.com/news-releases/news-release-details/jpmorganchase-declares-preferred-stock-dividends-12,2025-09-15T20:26:00+00:00,,"NEW YORK --(BUSINESS WIRE)--Sep. 15, 2025-- JPMorgan Chase &amp; Co. (NYSE: JPM) (“JPMorganChase” or the “Firm”) has declared dividends on the outstanding shares of the Firm’s Series CC preferred stock. Information can be found on the Firm’s Investor Relations website at"
JPMorganChase,789026,JPMorganChase Declares Preferred Stock Dividends,https://jpmorganchaseco.gcs-web.com/news-releases/news-release-details/jpmorganchase-declares-preferred-stock-dividends-11,2025-08-15T20:28:00+00:00,,"NEW YORK --(BUSINESS WIRE)--Aug. 15, 2025-- JPMorgan Chase &amp; Co. (NYSE: JPM) (“JPMorganChase” or the “Firm”) has declared dividends on the outstanding shares of the Firm’s Series II and OO preferred stock. Information can be found on the Firm’s Investor Relations website at"
JPMorganChase,787636,JPMorganChase to Present at the Barclays Global Financial Services Conference,https://jpmorganchaseco.gcs-web.com/news-releases/news-release-details/jpmorganchase-present-barclays-global-financial-services-0,2025-08-12T20:20:00+00:00,,"NEW YORK --(BUSINESS WIRE)--Aug. 12, 2025-- Doug Petno , Co-CEO of the Commercial &amp; Investment Bank , will present at the Barclays Global Financial Services Conference on Tuesday, September 9, 2025 at 10:30 a.m. (Eastern). The conference will be held at the New York Hilton Midtown in New York City"
JPMorganChase,786136,"JPMorganChase Files Form 10-Q for the Quarter Ended June 30, 2025",https://jpmorganchaseco.gcs-web.com/news-releases/news-release-details/jpmorganchase-files-form-10-q-quarter-ended-june-30-2025,2025-08-05T20:26:00+00:00,,"NEW YORK --(BUSINESS WIRE)--Aug. 5, 2025-- JPMorgan Chase &amp; Co. (NYSE: JPM) (“JPMorganChase” or the “Firm”) &nbsp; has filed its Quarterly Report on Form 10-Q for the quarter ended June 30, 2025 with the SEC . The report is available on the SEC's website at https://www.sec.gov and will be available on"
